{
    "name": "root",
    "metadata": {
        "timer_format_version": "0.1.0",
        "start_time_seconds": "1591457524",
        "python_version": "3.6.5 (v3.6.5:f59c0932b4, Mar 28 2018, 17:00:18) [MSC v.1900 64 bit (AMD64)]",
        "command_line_arguments": "C:\\Program Files\\Python\\Python36\\Scripts\\mlagents-learn ./config/hauler_config.yaml --run-id=hauler_1-1 --env=./Builds/Hauler.app --force --no-graphics",
        "mlagents_version": "0.16.1",
        "mlagents_envs_version": "0.16.1",
        "communication_protocol_version": "1.0.0",
        "tensorflow_version": "2.0.1",
        "end_time_seconds": "1591457561"
    },
    "total": 37.640248199999995,
    "count": 1,
    "self": 0.0007811999999915997,
    "children": {
        "run_training.setup": {
            "total": 0.011388299999999999,
            "count": 1,
            "self": 0.011388299999999999
        },
        "TrainerController.start_learning": {
            "total": 37.6280787,
            "count": 1,
            "self": 4.054909099999932,
            "children": {
                "TrainerController._reset_env": {
                    "total": 7.3266259,
                    "count": 1,
                    "self": 7.3266259
                },
                "demo_to_buffer": {
                    "total": 5.840426899999999,
                    "count": 1,
                    "self": 0.021463999999999928,
                    "children": {
                        "load_demonstration": {
                            "total": 0.11039089999999874,
                            "count": 1,
                            "self": 0.09661839999999877,
                            "children": {
                                "read_file": {
                                    "total": 0.013772499999999965,
                                    "count": 1,
                                    "self": 0.013772499999999965
                                }
                            }
                        },
                        "make_demo_buffer": {
                            "total": 5.708572,
                            "count": 1,
                            "self": 1.1599358999998604,
                            "children": {
                                "steps_from_proto": {
                                    "total": 4.54863610000014,
                                    "count": 18820,
                                    "self": 1.4749641000004416,
                                    "children": {
                                        "_process_vector_observation": {
                                            "total": 3.073671999999698,
                                            "count": 37640,
                                            "self": 3.073671999999698
                                        }
                                    }
                                }
                            }
                        }
                    }
                },
                "TrainerController.advance": {
                    "total": 19.809655200000066,
                    "count": 2580,
                    "self": 0.03953190000019546,
                    "children": {
                        "env_step": {
                            "total": 19.77012329999987,
                            "count": 2580,
                            "self": 16.754418099999825,
                            "children": {
                                "SubprocessEnvManager._take_step": {
                                    "total": 2.9654564000000025,
                                    "count": 2580,
                                    "self": 0.09323189999999748,
                                    "children": {
                                        "NNPolicy.evaluate": {
                                            "total": 2.872224500000005,
                                            "count": 2559,
                                            "self": 2.872224500000005
                                        }
                                    }
                                },
                                "workers": {
                                    "total": 0.050248800000044724,
                                    "count": 2580,
                                    "self": 0.0,
                                    "children": {
                                        "worker_root": {
                                            "total": 29.236348799999934,
                                            "count": 2580,
                                            "is_parallel": true,
                                            "self": 15.872468899999868,
                                            "children": {
                                                "steps_from_proto": {
                                                    "total": 0.0005468,
                                                    "count": 1,
                                                    "is_parallel": true,
                                                    "self": 0.00014130000000000002,
                                                    "children": {
                                                        "_process_vector_observation": {
                                                            "total": 0.00040549999999999994,
                                                            "count": 2,
                                                            "is_parallel": true,
                                                            "self": 0.00040549999999999994
                                                        }
                                                    }
                                                },
                                                "UnityEnvironment.step": {
                                                    "total": 13.363333100000066,
                                                    "count": 2580,
                                                    "is_parallel": true,
                                                    "self": 0.3014065000001196,
                                                    "children": {
                                                        "UnityEnvironment._generate_step_input": {
                                                            "total": 0.17444889999993762,
                                                            "count": 2580,
                                                            "is_parallel": true,
                                                            "self": 0.17444889999993762
                                                        },
                                                        "communicator.exchange": {
                                                            "total": 12.05117809999998,
                                                            "count": 2580,
                                                            "is_parallel": true,
                                                            "self": 12.05117809999998
                                                        },
                                                        "steps_from_proto": {
                                                            "total": 0.8362996000000287,
                                                            "count": 2580,
                                                            "is_parallel": true,
                                                            "self": 0.26842499999999525,
                                                            "children": {
                                                                "_process_vector_observation": {
                                                                    "total": 0.5678746000000334,
                                                                    "count": 5160,